time,trial,leftCDRatio,rightCDRatio,bodyConfidence,centerEyeX,centerEyeY,centerEyeZ,trunkLeanDeg,event
186.9429,1,1.00,1.00,1.000,-0.06077,1.32541,0.09331,0.000,recording_started
186.9571,1,1.00,1.00,1.000,-0.06077,1.32541,0.09331,0.000,sample
187.3012,1,1.00,1.00,1.000,-0.07020,1.32471,0.08679,0.000,sample
187.8219,1,1.00,1.00,1.000,-0.08232,1.32638,0.08366,0.000,sample
188.3398,1,1.00,1.00,1.000,-0.07759,1.38369,0.07982,0.000,sample
188.8449,1,1.00,1.00,1.000,-0.04453,1.38676,0.08062,0.000,sample
189.3523,1,1.00,1.00,1.000,-0.03785,1.38272,0.09859,0.000,sample
189.8868,1,1.00,1.00,1.000,-0.03616,1.36167,0.07987,0.000,sample
190.3933,1,1.00,1.00,1.000,-0.02972,1.36736,0.08298,0.000,sample
190.9033,1,1.00,1.00,1.000,-0.02699,1.37321,0.09954,0.000,sample
191.4184,1,1.00,1.00,1.000,-0.03532,1.37347,0.10456,0.000,sample
191.6944,1,1.00,1.00,1.000,-0.03792,1.37224,0.10032,0.000,ratio_changed
191.9186,1,1.00,1.00,1.000,-0.03832,1.37134,0.10064,0.000,sample
192.4187,1,1.00,1.00,1.000,-0.03894,1.37384,0.11800,0.000,sample
192.4702,1,1.00,1.00,1.000,-0.03923,1.37352,0.11770,0.000,ratio_changed
192.9457,1,1.00,1.00,1.000,-0.04075,1.35012,0.11830,0.000,sample
193.4635,1,1.00,1.00,1.000,-0.08070,1.32781,0.11229,0.000,sample
193.9744,1,1.00,1.00,1.000,-0.08734,1.33729,0.09987,0.000,sample
194.4724,1,1.00,1.00,1.000,-0.07863,1.36830,0.09220,0.000,sample
194.9745,1,1.00,1.00,1.000,-0.07570,1.36391,0.10066,0.000,sample
195.0993,1,1.00,1.00,1.000,-0.07461,1.36329,0.10279,0.000,ratio_changed
195.4773,1,1.00,1.00,1.000,-0.07055,1.36445,0.11104,0.000,sample
195.9853,1,1.00,1.00,1.000,-0.04884,1.37421,0.13355,0.000,sample
196.4888,1,1.00,1.00,1.000,-0.02222,1.37473,0.15586,0.000,sample
196.9906,1,1.00,1.00,1.000,-0.00918,1.37984,0.14186,0.000,sample
197.2913,1,1.00,0.30,1.000,0.00061,1.38227,0.12178,0.000,ratio_changed
197.5042,1,1.00,0.30,1.000,0.00221,1.38319,0.12248,0.000,sample
198.0051,1,1.00,0.30,1.000,0.00622,1.38151,0.14758,0.000,sample
198.5067,1,1.00,0.30,1.000,0.01190,1.38242,0.14121,0.000,sample
198.8242,1,0.60,0.30,1.000,0.01097,1.38232,0.12588,0.000,ratio_changed
199.0067,1,0.60,0.30,1.000,0.01085,1.38156,0.12434,0.000,sample
199.2775,1,0.60,0.60,1.000,0.00661,1.38008,0.12353,0.000,ratio_changed
199.5244,1,0.60,0.60,1.000,0.00488,1.37647,0.12225,0.000,sample
200.0258,1,0.60,1.00,1.000,-0.00323,1.37271,0.11941,0.000,ratio_changed
200.0269,1,0.60,1.00,1.000,-0.00323,1.37271,0.11941,0.000,sample
200.5321,1,0.60,1.00,1.000,-0.01761,1.33785,0.11625,0.000,sample
201.0493,1,0.60,1.00,1.000,-0.06399,1.33153,0.12550,0.000,sample
201.5495,1,0.60,1.00,1.000,-0.06633,1.32869,0.12045,0.000,sample
202.0701,1,0.60,1.00,1.000,-0.05922,1.32695,0.11894,0.000,sample
202.3619,1,0.60,1.00,1.000,-0.05873,1.32542,0.11610,0.000,recording_stopped
202.4039,2,0.60,1.00,1.000,-0.05853,1.32518,0.11590,0.000,recording_started
202.4053,2,0.60,1.00,1.000,-0.05853,1.32518,0.11590,0.000,sample
202.9008,2,0.60,1.00,1.000,-0.06045,1.32324,0.11853,0.000,recording_stopped
202.9403,3,0.60,1.00,1.000,-0.06070,1.32308,0.11877,0.000,recording_started
202.9418,3,0.60,1.00,1.000,-0.06070,1.32308,0.11877,0.000,sample
203.4544,3,0.60,1.00,1.000,-0.06358,1.32122,0.11881,0.000,sample
203.9558,3,0.60,1.00,1.000,-0.07743,1.33780,0.11927,0.000,sample
204.4722,3,0.60,1.00,1.000,-0.05358,1.34336,0.12802,0.000,sample
204.9715,3,0.60,1.00,1.000,-0.04447,1.36764,0.10555,0.000,sample
205.4775,3,0.60,1.00,1.000,-0.05723,1.33923,0.10582,0.000,sample
205.9863,3,0.60,1.00,1.000,-0.06270,1.34170,0.10818,0.000,sample
206.0688,3,0.60,1.00,1.000,-0.06241,1.34190,0.10914,0.000,recording_stopped
206.1086,4,0.60,1.00,1.000,-0.06236,1.34203,0.10943,0.000,recording_started
206.1100,4,0.60,1.00,1.000,-0.06236,1.34203,0.10943,0.000,sample
206.5370,4,0.60,1.00,1.000,-0.06172,1.34691,0.12084,0.000,recording_stopped
207.2940,5,0.60,1.00,1.000,-0.06744,1.33805,0.12381,0.000,recording_started
207.2953,5,0.60,1.00,1.000,-0.06744,1.33805,0.12381,0.000,sample
207.5255,5,0.60,1.00,1.000,-0.07019,1.33819,0.12365,0.000,recording_stopped
207.5267,6,0.60,1.00,1.000,-0.07019,1.33819,0.12365,0.000,recording_started
207.5278,6,0.60,1.00,1.000,-0.07019,1.33819,0.12365,0.000,sample
207.7951,6,0.60,1.00,1.000,-0.07086,1.34331,0.12720,0.000,recording_stopped
207.8725,7,0.60,1.00,1.000,-0.07053,1.34465,0.12930,0.000,recording_started
207.8740,7,0.60,1.00,1.000,-0.07053,1.34465,0.12930,0.000,sample
208.0101,7,0.60,1.00,1.000,-0.06930,1.34375,0.13047,0.000,recording_stopped
208.0682,8,0.60,1.00,1.000,-0.06928,1.34372,0.13028,0.000,recording_started
208.0697,8,0.60,1.00,1.000,-0.06928,1.34372,0.13028,0.000,sample
208.2065,8,0.60,1.00,1.000,-0.06912,1.34364,0.13056,0.000,recording_stopped
208.2256,9,0.60,1.00,1.000,-0.06925,1.34377,0.13067,0.000,recording_started
208.2268,9,0.60,1.00,1.000,-0.06925,1.34377,0.13067,0.000,sample
208.3595,9,0.60,1.00,1.000,-0.06943,1.34334,0.13077,0.000,recording_stopped
208.3606,10,0.60,1.00,1.000,-0.06943,1.34334,0.13077,0.000,recording_started
208.3617,10,0.60,1.00,1.000,-0.06943,1.34334,0.13077,0.000,sample
208.5563,10,0.60,1.00,1.000,-0.07051,1.34917,0.13025,0.000,recording_stopped
208.6301,11,0.60,1.00,1.000,-0.06972,1.35722,0.12923,0.000,recording_started
208.6313,11,0.60,1.00,1.000,-0.06972,1.35722,0.12923,0.000,sample
209.1320,11,0.60,1.00,1.000,-0.08343,1.32818,0.09750,0.000,sample
209.6461,11,0.60,1.00,1.000,-0.17252,1.28824,-0.19536,0.000,sample
210.1512,11,0.60,1.00,1.000,-0.05187,0.74785,-0.39881,0.000,sample
210.6526,11,0.60,1.00,1.000,-0.20665,0.68233,-0.57088,0.000,sample
211.1520,11,0.60,1.00,1.000,-0.49111,0.61527,-0.69850,0.000,sample
211.6563,11,0.60,1.00,1.000,-0.54248,0.58263,-0.72221,0.000,sample
212.1723,11,0.60,1.00,1.000,-0.56284,0.57555,-0.70873,0.000,sample
212.6871,11,0.60,1.00,1.000,-0.53832,0.57473,-0.71792,0.000,sample
213.2024,11,0.60,1.00,1.000,-0.54851,0.56470,-0.73021,0.000,sample
213.7004,11,0.60,1.00,1.000,-0.55305,0.56417,-0.73277,0.000,sample
214.2053,11,0.60,1.00,1.000,-0.56811,0.57438,-0.73373,0.000,sample
214.7055,11,0.60,1.00,1.000,-0.55973,0.58280,-0.72905,0.000,sample
215.2199,11,0.60,1.00,1.000,-0.54372,0.58611,-0.72327,0.000,sample
215.7331,11,0.60,1.00,1.000,-0.54047,0.58495,-0.71751,0.000,sample
216.2347,11,0.60,1.00,1.000,-0.54591,0.58164,-0.71791,0.000,sample
216.7466,11,0.60,1.00,1.000,-0.55578,0.58191,-0.72555,0.000,sample
217.2621,11,0.60,1.00,1.000,-0.55604,0.66686,-0.71251,0.000,sample
217.7913,11,0.60,1.00,1.000,-0.38867,1.19136,-0.56254,0.000,sample
218.2931,11,0.60,1.00,1.000,-0.16397,1.29133,-0.38538,0.000,sample
218.8033,11,0.60,1.00,1.000,-0.07772,1.31348,-0.16200,0.000,sample
219.3224,11,0.60,1.00,1.000,-0.06955,1.32297,-0.18502,0.000,sample
219.8287,11,0.60,1.00,1.000,-0.09983,1.33283,-0.26479,0.000,sample
220.3378,11,0.60,1.00,1.000,-0.12824,1.32882,-0.34797,0.000,sample
220.8396,11,0.60,1.00,1.000,-0.14974,1.32414,-0.39899,0.000,sample
221.3520,11,0.60,1.00,1.000,-0.15394,1.32597,-0.28762,0.000,sample
221.8501,11,0.60,1.00,1.000,-0.10776,1.31475,-0.02487,0.000,sample
222.3658,11,0.60,1.00,1.000,-0.07950,1.32617,0.08420,0.000,sample
222.8837,11,0.60,1.00,1.000,-0.06262,1.32938,0.06968,0.000,sample
223.4017,11,0.60,1.00,1.000,-0.06228,1.32834,0.05762,0.000,sample
223.4388,11,0.60,1.00,1.000,-0.06284,1.32831,0.05737,0.000,recording_stopped
239.5136,12,1.00,1.00,1.000,-0.11997,1.36201,0.04582,0.000,recording_started
239.5153,12,1.00,1.00,1.000,-0.11997,1.36201,0.04582,0.000,sample
239.5309,12,1.00,1.00,1.000,-0.12039,1.36203,0.04611,0.000,recording_stopped
293.4710,13,1.00,1.00,1.000,-0.07860,1.43089,0.15480,0.000,recording_started
293.4717,13,1.00,1.00,1.000,-0.07860,1.43089,0.15480,0.000,recording_stopped
335.1102,14,1.00,1.00,1.000,0.01567,1.42907,0.14872,0.000,recording_started
335.1116,14,1.00,1.00,1.000,0.01567,1.42907,0.14872,0.000,sample
335.6188,14,1.00,1.00,1.000,0.02394,1.43145,0.14311,0.000,sample
336.1192,14,1.00,1.00,1.000,0.03472,1.43473,0.14007,0.000,sample
336.6197,14,1.00,1.00,1.000,0.04862,1.46070,0.13527,0.000,sample
337.1263,14,1.00,1.00,1.000,0.12766,1.48294,-0.00766,0.000,sample
337.6264,14,1.00,1.00,1.000,0.05063,1.46298,-0.23323,0.000,sample
338.1340,14,1.00,1.00,1.000,-0.13193,1.46837,-0.45806,0.000,sample
338.6363,14,1.00,1.00,1.000,-0.18847,1.47505,-0.64202,0.000,sample
339.1711,14,1.00,1.00,1.000,-0.15516,1.46597,-0.54580,0.000,sample
339.6814,14,1.00,1.00,1.000,-0.01764,1.45779,-0.23776,0.000,sample
340.1854,14,1.00,1.00,1.000,-0.05953,1.45234,-0.08554,0.000,sample
340.7057,14,1.00,1.00,1.000,-0.19393,1.45675,0.00629,0.000,sample
341.2071,14,1.00,1.00,1.000,-0.14697,1.43131,0.14781,0.000,sample
341.7074,14,1.00,1.00,1.000,-0.06212,1.43502,0.27029,0.000,sample
342.2068,14,1.00,1.00,1.000,-0.03858,1.45812,0.24114,0.000,sample
342.7070,14,1.00,1.00,1.000,-0.02604,1.47297,0.21228,0.000,sample
343.2189,14,1.00,1.00,1.000,-0.01930,1.47166,0.21183,0.000,sample
343.3073,14,1.00,0.60,1.000,-0.01839,1.47101,0.21257,0.000,ratio_changed
343.7274,14,1.00,0.60,1.000,-0.02063,1.46344,0.22893,0.000,sample
344.2353,14,1.00,0.60,1.000,-0.00505,1.47693,0.25020,0.000,sample
344.7441,14,1.00,0.60,1.000,-0.00181,1.47911,0.23702,0.000,sample
345.2548,14,1.00,0.60,1.000,0.00145,1.47827,0.22657,0.000,sample
345.2708,14,0.30,0.60,1.000,0.00160,1.47826,0.22639,0.000,ratio_changed
345.7724,14,0.30,0.60,1.000,0.00113,1.46939,0.22015,0.000,sample
346.2927,14,0.30,0.60,1.000,-0.02531,1.44883,0.19647,0.000,sample
346.8004,14,0.30,0.60,1.000,-0.03663,1.49307,0.17697,0.000,sample
347.3065,14,0.30,0.60,1.000,-0.05001,1.50474,0.22624,0.000,sample
347.8094,14,0.30,0.60,1.000,-0.02164,1.47683,0.42696,0.000,sample
348.3277,14,0.30,0.60,1.000,-0.05015,1.45924,0.54383,0.000,sample
348.8401,14,0.30,0.60,1.000,-0.18286,1.49226,0.51154,0.000,sample
349.3568,14,0.30,0.60,1.000,-0.14299,1.48891,0.57514,0.000,sample
349.8711,14,0.30,0.60,1.000,-0.17657,1.45074,0.64508,0.000,sample
350.3955,14,0.30,0.60,1.000,-0.03602,1.39160,0.92064,0.000,sample
350.9090,14,0.30,0.60,1.000,0.03750,1.40825,1.22627,0.000,sample
351.9071,14,0.30,0.60,1.000,-0.03885,1.61827,1.55670,0.000,sample
353.9898,14,0.30,0.60,1.000,0.01414,1.38379,2.55501,0.000,sample
354.4886,14,0.30,0.60,1.000,-0.04351,1.31523,2.68888,0.000,sample
354.9992,14,0.30,0.60,1.000,-0.12323,1.16146,2.65480,0.000,sample
355.5111,14,0.30,0.60,1.000,-0.09395,0.79284,2.64512,0.000,sample
356.0146,14,0.30,0.60,1.000,-0.03302,0.67387,2.67358,0.000,sample
356.5169,14,0.30,0.60,1.000,0.02988,0.70574,2.64577,0.000,sample
357.0209,14,0.30,0.60,1.000,0.03790,0.69219,2.65159,0.000,sample
357.5235,14,0.30,0.60,1.000,0.05221,0.78400,2.58389,0.000,sample
358.0406,14,0.30,0.60,1.000,0.08209,0.74690,2.60305,0.000,sample
358.5678,14,0.30,0.60,1.000,0.07301,0.69211,2.64766,0.000,sample
359.6159,14,0.30,0.60,1.000,0.02996,1.26122,2.57490,0.000,sample
360.1335,14,0.30,0.60,1.000,0.04224,1.51002,2.32482,0.000,sample
360.6541,14,0.30,0.60,1.000,0.00562,1.54081,2.25342,0.000,sample
361.1770,14,0.30,0.60,1.000,0.00645,1.54267,2.24324,0.000,sample
361.6883,14,0.30,0.60,1.000,0.03096,1.54085,2.22768,0.000,sample
362.1980,14,0.30,0.60,1.000,-0.06615,1.54850,2.26281,0.000,sample
362.6997,14,0.30,0.60,1.000,-0.15362,1.55167,2.27600,0.000,sample
363.2034,14,0.30,0.60,1.000,-0.08331,1.53437,2.22896,0.000,sample
363.7176,14,0.30,0.60,1.000,0.01119,1.47521,2.04743,0.000,sample
364.2239,14,0.30,0.60,1.000,0.06783,1.43592,1.86199,0.000,sample
364.7253,14,0.30,0.60,1.000,0.08388,1.48151,1.78392,0.000,sample
365.2369,14,0.30,0.60,1.000,0.07938,1.63378,1.78184,0.000,sample
365.7413,14,0.30,0.60,1.000,-0.02686,1.58250,1.66266,0.000,sample
366.2521,14,0.30,0.60,1.000,-0.00389,1.53063,1.48998,0.000,sample
366.7661,14,0.30,0.60,1.000,0.07921,1.55414,1.25947,0.000,sample
367.2705,14,0.30,0.60,1.000,0.03898,1.54997,1.08190,0.000,sample
367.7925,14,0.30,0.60,1.000,-0.06613,1.55456,0.82759,0.000,sample
368.3049,14,0.30,0.60,1.000,-0.01117,1.54316,0.72491,0.000,sample
368.8039,14,0.30,0.60,1.000,0.06006,1.54442,0.59454,0.000,sample
369.3104,14,0.30,0.60,1.000,0.02348,1.54212,0.51308,0.000,sample
369.8229,14,0.30,0.60,1.000,-0.07419,1.50989,0.39566,0.000,sample
370.3225,14,0.30,0.60,1.000,-0.15009,1.41713,0.32033,0.000,sample
370.8289,14,0.30,0.60,1.000,-0.15636,1.36198,0.24575,0.000,sample
371.3472,14,0.30,0.60,1.000,-0.13410,1.34800,0.18824,0.000,sample
371.8498,14,0.30,0.60,1.000,-0.08335,1.25328,0.22336,0.000,sample
372.3560,14,0.30,0.60,1.000,-0.03383,1.25451,0.27620,0.000,sample
372.8755,14,0.30,0.60,1.000,-0.02059,1.33744,0.26118,0.000,sample
373.3718,14,0.30,0.60,1.000,0.03513,1.41359,0.19016,0.000,sample
373.8845,14,0.30,0.60,1.000,0.00418,1.41095,0.12587,0.000,sample
374.9070,14,0.30,0.60,1.000,-0.02863,1.39482,0.08348,0.000,sample
375.4089,14,0.30,0.60,1.000,-0.03472,1.38840,0.09675,0.000,sample
375.7250,14,0.30,0.60,1.000,-0.03574,1.38597,0.09895,0.000,recording_stopped
